{
    "D__downloads": {
        "a64": {
            "mean": 13.290911111111111,
            "std": 0.6840890977139681,
            "median": 13.2021,
            "amin": 12.1127,
            "amax": 13.9698
        },
        "a": {
            "mean": 211.21977777777775,
            "std": 3.127202175179025,
            "median": 210.576,
            "amin": 209.262,
            "amax": 219.343
        },
        "c64": {
            "mean": 8.463733333333334,
            "std": 0.2357401390832708,
            "median": 8.54744,
            "amin": 7.96701,
            "amax": 8.70981
        },
        "c": {
            "mean": 205.81944444444446,
            "std": 2.530574544995219,
            "median": 205.037,
            "amin": 203.345,
            "amax": 210.171
        },
        "f64": {
            "mean": 12.898622222222222,
            "std": 0.8749616016971515,
            "median": 12.8816,
            "amin": 11.2892,
            "amax": 13.7796
        },
        "f": {
            "mean": 210.172,
            "std": 0.5977811054223782,
            "median": 210.35,
            "amin": 208.904,
            "amax": 210.678
        },
        "r64": {
            "mean": 14.699122222222222,
            "std": 0.42538002356063287,
            "median": 14.7961,
            "amin": 13.9779,
            "amax": 15.1605
        },
        "r": {
            "mean": 212.6687777777778,
            "std": 4.204129035180106,
            "median": 211.144,
            "amin": 209.485,
            "amax": 222.718
        }
    },
    "D__Program_Files_(x86)": {
        "a64": {
            "mean": 436.9333333333333,
            "std": 6.6340880684537265,
            "median": 436.669,
            "amin": 428.693,
            "amax": 451.483
        },
        "a": {
            "mean": 686.2407777777777,
            "std": 8.084136143982537,
            "median": 682.653,
            "amin": 680.515,
            "amax": 705.282
        },
        "c64": {
            "mean": 255.5782222222222,
            "std": 7.753136152193154,
            "median": 251.123,
            "amin": 248.34,
            "amax": 270.217
        },
        "c": {
            "mean": 479.9724444444445,
            "std": 9.337249489425556,
            "median": 476.308,
            "amin": 468.35,
            "amax": 498.754
        },
        "f64": {
            "mean": 458.9387777777777,
            "std": 30.27444142662988,
            "median": 449.114,
            "amin": 436.77,
            "amax": 536.983
        },
        "f": {
            "mean": 710.0397777777777,
            "std": 4.31793694308341,
            "median": 711.231,
            "amin": 703.353,
            "amax": 714.663
        },
        "r64": {
            "mean": 768.3254444444444,
            "std": 48.10719951605767,
            "median": 762.903,
            "amin": 712.746,
            "amax": 864.301
        },
        "r": {
            "mean": 997.4766666666666,
            "std": 66.32595960670302,
            "median": 984.672,
            "amin": 920.258,
            "amax": 1114.16
        }
    },
    "D__SteamLibrary": {
        "a64": {
            "mean": 97.59198888888889,
            "std": 1.277986465543007,
            "median": 97.3837,
            "amin": 95.9392,
            "amax": 99.7936
        },
        "a": {
            "mean": 303.6311111111111,
            "std": 6.371555254497219,
            "median": 300.729,
            "amin": 297.934,
            "amax": 314.649
        },
        "c64": {
            "mean": 30.086655555555556,
            "std": 1.1596970985036466,
            "median": 30.7597,
            "amin": 28.1624,
            "amax": 31.2808
        },
        "c": {
            "mean": 216.94222222222223,
            "std": 1.039036425946871,
            "median": 216.425,
            "amin": 216.337,
            "amax": 219.518
        },
        "f64": {
            "mean": 90.92158888888888,
            "std": 2.149033940195249,
            "median": 91.7756,
            "amin": 87.7234,
            "amax": 93.4717
        },
        "f": {
            "mean": 295.78655555555554,
            "std": 4.125138970723019,
            "median": 298.343,
            "amin": 290.11,
            "amax": 298.842
        },
        "r64": {
            "mean": 126.2891111111111,
            "std": 4.617162100371949,
            "median": 124.966,
            "amin": 121.86,
            "amax": 134.332
        },
        "r": {
            "mean": 323.15133333333335,
            "std": 3.1570752287520807,
            "median": 323.266,
            "amin": 319.819,
            "amax": 329.379
        }
    }
}